[
  {
    "id": "9b63630a-e936-4efd-83ef-b4b74e329e43",
    "data": [
      {
        "text": "tell me balance for ",
        "userDefined": false
      },
      {
        "text": "789798080",
        "alias": "phone-number",
        "meta": "@sys.phone-number",
        "userDefined": false
      }
    ],
    "isTemplate": false,
    "count": 0,
    "updated": 0
  },
  {
    "id": "07ab28dd-0bc7-48ec-b04c-2d8827cdefbd",
    "data": [
      {
        "text": "Tell me balance for number ",
        "userDefined": false
      },
      {
        "text": "789798080",
        "alias": "phone-number",
        "meta": "@sys.phone-number",
        "userDefined": false
      },
      {
        "text": " with otp ",
        "userDefined": false
      },
      {
        "text": "123456",
        "alias": "otp",
        "meta": "@sys.number-sequence",
        "userDefined": false
      }
    ],
    "isTemplate": false,
    "count": 0,
    "updated": 0
  },
  {
    "id": "58d1c189-50c7-428b-a81d-100c80b9e3f8",
    "data": [
      {
        "text": "i want to know my account balance",
        "userDefined": false
      }
    ],
    "isTemplate": false,
    "count": 0,
    "updated": 0
  },
  {
    "id": "0ae2775c-33fe-43f4-8536-6e74d0c76bae",
    "data": [
      {
        "text": "Can I know the balance in my account?",
        "userDefined": false
      }
    ],
    "isTemplate": false,
    "count": 0,
    "updated": 0
  },
  {
    "id": "55db4aeb-d75b-457c-a5dc-48b82ceb877d",
    "data": [
      {
        "text": "What is my account balance",
        "userDefined": false
      }
    ],
    "isTemplate": false,
    "count": 0,
    "updated": 0
  },
  {
    "id": "3641cd98-3b5c-427f-8abd-1dbbadba3f08",
    "data": [
      {
        "text": "Can you tell my account balance",
        "userDefined": false
      }
    ],
    "isTemplate": false,
    "count": 0,
    "updated": 0
  }
]