[
  {
    "id": "969f732b-d907-4057-869a-41046f6ac59b",
    "data": [
      {
        "text": "234576",
        "alias": "otp",
        "meta": "@sys.number-sequence",
        "userDefined": false
      },
      {
        "text": " is my OTP",
        "userDefined": false
      }
    ],
    "isTemplate": false,
    "count": 0,
    "updated": 0
  },
  {
    "id": "e9408912-ba84-40ad-8a4c-38e858a00661",
    "data": [
      {
        "text": "Otp I received is ",
        "userDefined": false
      },
      {
        "text": "234567",
        "alias": "otp",
        "meta": "@sys.number-sequence",
        "userDefined": true
      }
    ],
    "isTemplate": false,
    "count": 0,
    "updated": 0
  },
  {
    "id": "07842caf-d28d-443e-8d09-966d53268152",
    "data": [
      {
        "text": "123456",
        "alias": "otp",
        "meta": "@sys.number-sequence",
        "userDefined": false
      }
    ],
    "isTemplate": false,
    "count": 0,
    "updated": 0
  },
  {
    "id": "04018767-3f34-47af-bfa8-69c582f58dcc",
    "data": [
      {
        "text": "My otp is ",
        "userDefined": false
      },
      {
        "text": "123456",
        "alias": "otp",
        "meta": "@sys.number-sequence",
        "userDefined": false
      }
    ],
    "isTemplate": false,
    "count": 0,
    "updated": 0
  }
]