[
  {
    "id": "0c39e704-22af-4092-b629-571184dc6215",
    "data": [
      {
        "text": "Thanks for assistance that\u0027s all",
        "userDefined": false
      }
    ],
    "isTemplate": false,
    "count": 0,
    "updated": 0
  },
  {
    "id": "5b28c22b-9ed3-47e3-bd92-20b4d31aba4a",
    "data": [
      {
        "text": "See you later",
        "userDefined": false
      }
    ],
    "isTemplate": false,
    "count": 0,
    "updated": 0
  },
  {
    "id": "c2c04a31-031b-4624-8de9-8963e6156f14",
    "data": [
      {
        "text": "Good bye",
        "userDefined": false
      }
    ],
    "isTemplate": false,
    "count": 0,
    "updated": 0
  },
  {
    "id": "1d2da2ba-4e89-405a-a7a6-7c8ff9951f4e",
    "data": [
      {
        "text": "Ok then bye",
        "userDefined": false
      }
    ],
    "isTemplate": false,
    "count": 0,
    "updated": 0
  }
]