[
  {
    "id": "178717ee-212e-4f23-904f-e17dc3033e44",
    "data": [
      {
        "text": "what else can you do?",
        "userDefined": false
      }
    ],
    "isTemplate": false,
    "count": 0,
    "updated": 0
  },
  {
    "id": "c3b3227b-1521-4fc7-8832-c2c2a30f42c4",
    "data": [
      {
        "text": "How can you help me?",
        "userDefined": false
      }
    ],
    "isTemplate": false,
    "count": 0,
    "updated": 0
  },
  {
    "id": "a191b683-f0ef-4ca3-825d-d24e991d0151",
    "data": [
      {
        "text": "what is your job",
        "userDefined": false
      }
    ],
    "isTemplate": false,
    "count": 0,
    "updated": 0
  },
  {
    "id": "4196e01e-b0a6-4b35-9c69-42f3e8a8f27f",
    "data": [
      {
        "text": "What can you do ?",
        "userDefined": false
      }
    ],
    "isTemplate": false,
    "count": 0,
    "updated": 0
  }
]