[
  {
    "id": "1311eb64-9717-470a-a76e-d6f2a460cd59",
    "data": [
      {
        "text": "My phone number is ",
        "userDefined": false
      },
      {
        "text": "777777777",
        "alias": "phone-number",
        "meta": "@sys.phone-number",
        "userDefined": false
      }
    ],
    "isTemplate": false,
    "count": 0,
    "updated": 0
  },
  {
    "id": "831e39f6-40c1-422f-94bb-7cf5937a65f6",
    "data": [
      {
        "text": "My number is ",
        "userDefined": false
      },
      {
        "text": "9845295238",
        "alias": "phone-number",
        "meta": "@sys.phone-number",
        "userDefined": false
      }
    ],
    "isTemplate": false,
    "count": 0,
    "updated": 0
  },
  {
    "id": "2be07c7c-22e5-4163-91f4-b5c664e6b637",
    "data": [
      {
        "text": "8186898328",
        "alias": "phone-number",
        "meta": "@sys.phone-number",
        "userDefined": false
      }
    ],
    "isTemplate": false,
    "count": 0,
    "updated": 0
  }
]