[
  {
    "id": "34145dea-7d56-488b-8afd-df5ab0bcb8f2",
    "data": [
      {
        "text": "To ",
        "userDefined": false
      },
      {
        "text": "890835467",
        "alias": "to-number",
        "meta": "@sys.phone-number",
        "userDefined": false
      },
      {
        "text": " transfer ",
        "userDefined": false
      },
      {
        "text": "500 USD",
        "alias": "amount",
        "meta": "@sys.unit-currency",
        "userDefined": false
      }
    ],
    "isTemplate": false,
    "count": 0,
    "updated": 0
  },
  {
    "id": "943996d1-f17d-4d1d-bbb6-69302cd097b5",
    "data": [
      {
        "text": "Can you make a transaction for me?",
        "userDefined": false
      }
    ],
    "isTemplate": false,
    "count": 0,
    "updated": 0
  },
  {
    "id": "fc541171-bdc1-4d3a-a3e1-6b970b775f21",
    "data": [
      {
        "text": "start a transaction",
        "userDefined": false
      }
    ],
    "isTemplate": false,
    "count": 0,
    "updated": 0
  },
  {
    "id": "956fe930-700a-4682-8009-27e36a047761",
    "data": [
      {
        "text": "Move my money",
        "userDefined": false
      }
    ],
    "isTemplate": false,
    "count": 0,
    "updated": 0
  },
  {
    "id": "d36e80ad-1f80-4ca4-a250-f514e9b4c6d7",
    "data": [
      {
        "text": "Can you help me with transactions?",
        "userDefined": false
      }
    ],
    "isTemplate": false,
    "count": 0,
    "updated": 0
  },
  {
    "id": "10e79cfe-f32e-4433-9c3a-5642f61bd92b",
    "data": [
      {
        "text": "Can you transfer money?",
        "userDefined": false
      }
    ],
    "isTemplate": false,
    "count": 0,
    "updated": 0
  },
  {
    "id": "ba78a172-fae8-4e3d-a431-c9d3b72d1885",
    "data": [
      {
        "text": "Can you take ",
        "userDefined": false
      },
      {
        "text": "500 dollars",
        "alias": "amount",
        "meta": "@sys.unit-currency",
        "userDefined": false
      },
      {
        "text": " from number ",
        "userDefined": false
      },
      {
        "text": "456789",
        "alias": "phone-number",
        "meta": "@sys.phone-number",
        "userDefined": true
      },
      {
        "text": " to ",
        "userDefined": false
      },
      {
        "text": "2345123",
        "alias": "to-number",
        "meta": "@sys.phone-number",
        "userDefined": true
      }
    ],
    "isTemplate": false,
    "count": 0,
    "updated": 0
  },
  {
    "id": "3dd55e07-06be-4e7e-9292-540749ae99bc",
    "data": [
      {
        "text": "From number ",
        "userDefined": false
      },
      {
        "text": "2345677",
        "alias": "phone-number",
        "meta": "@sys.phone-number",
        "userDefined": false
      },
      {
        "text": " I want to move ",
        "userDefined": false
      },
      {
        "text": "500 dollars",
        "alias": "amount",
        "meta": "@sys.unit-currency",
        "userDefined": false
      }
    ],
    "isTemplate": false,
    "count": 0,
    "updated": 0
  },
  {
    "id": "24b4409a-c91b-4113-9cbe-a736d7b08955",
    "data": [
      {
        "text": "I want to give ",
        "userDefined": false
      },
      {
        "text": "100 dollars",
        "alias": "amount",
        "meta": "@sys.unit-currency",
        "userDefined": false
      },
      {
        "text": " from my account to ",
        "userDefined": false
      },
      {
        "text": "23456897",
        "alias": "to-number",
        "meta": "@sys.phone-number",
        "userDefined": false
      }
    ],
    "isTemplate": false,
    "count": 0,
    "updated": 0
  },
  {
    "id": "605c1f32-47ec-4bc6-9423-00eacfe1abba",
    "data": [
      {
        "text": "Can you add ",
        "userDefined": false
      },
      {
        "text": "500 dollars",
        "alias": "amount",
        "meta": "@sys.unit-currency",
        "userDefined": false
      },
      {
        "text": " to ",
        "userDefined": false
      },
      {
        "text": "56778997",
        "alias": "to-number",
        "meta": "@sys.phone-number",
        "userDefined": false
      },
      {
        "text": " from ",
        "userDefined": false
      },
      {
        "text": "789083749",
        "alias": "phone-number",
        "meta": "@sys.phone-number",
        "userDefined": false
      }
    ],
    "isTemplate": false,
    "count": 0,
    "updated": 0
  },
  {
    "id": "3a10445c-b1ec-4e43-8f7a-ccddd6ea5fe4",
    "data": [
      {
        "text": "From ",
        "userDefined": false
      },
      {
        "text": "7777777",
        "alias": "phone-number",
        "meta": "@sys.phone-number",
        "userDefined": false
      },
      {
        "text": " transfer ",
        "userDefined": false
      },
      {
        "text": "456 euros",
        "alias": "amount",
        "meta": "@sys.unit-currency",
        "userDefined": false
      },
      {
        "text": " to ",
        "userDefined": false
      },
      {
        "text": "7776664747",
        "alias": "to-number",
        "meta": "@sys.phone-number",
        "userDefined": false
      }
    ],
    "isTemplate": false,
    "count": 0,
    "updated": 0
  },
  {
    "id": "851e3a49-70e0-4f74-ae0e-06c252f4d894",
    "data": [
      {
        "text": "Transfer ",
        "userDefined": false
      },
      {
        "text": "200 rupees",
        "alias": "amount",
        "meta": "@sys.unit-currency",
        "userDefined": false
      },
      {
        "text": " from account ",
        "userDefined": false
      },
      {
        "text": "7989071980",
        "alias": "phone-number",
        "meta": "@sys.phone-number",
        "userDefined": false
      },
      {
        "text": " to ",
        "userDefined": false
      },
      {
        "text": "8186898328",
        "alias": "to-number",
        "meta": "@sys.phone-number",
        "userDefined": true
      }
    ],
    "isTemplate": false,
    "count": 0,
    "updated": 0
  },
  {
    "id": "c048f19b-b35f-434a-b907-0e621e4e366d",
    "data": [
      {
        "text": "I want to transfer ",
        "userDefined": false
      },
      {
        "text": "200 dollar",
        "alias": "amount",
        "meta": "@sys.unit-currency",
        "userDefined": false
      },
      {
        "text": " to ",
        "userDefined": false
      },
      {
        "text": "7989071980",
        "alias": "to-number",
        "meta": "@sys.phone-number",
        "userDefined": false
      }
    ],
    "isTemplate": false,
    "count": 0,
    "updated": 0
  }
]